mysql> select * from Staff JOIN Department Using(dept_id) Where designation='Prof';
+---------+----------+-------+-------------+---------------+-----------+
| dept_id | staff_id | name  | designation | qualification | dept_name |
+---------+----------+-------+-------------+---------------+-----------+
|       1 |        2 | Danny | Prof        | PhD           | cse       |
+---------+----------+-------+-------------+---------------+-----------+
1 row in set (0.00 sec)

mysql> CREATE VIEW Prof_view as select * from Staff JOIN Department Using(dept_id) Where designation='Prof';
Query OK, 0 rows affected (0.20 sec)

mysql> Select * from Prof_view;
+---------+----------+-------+-------------+---------------+-----------+
| dept_id | staff_id | name  | designation | qualification | dept_name |
+---------+----------+-------+-------------+---------------+-----------+
|       1 |        2 | Danny | Prof        | PhD           | cse       |
+---------+----------+-------+-------------+---------------+-----------+
1 row in set (0.00 sec)

