mysql> SELECT max(salary) FROM Works Where b_name='HDFC';
+-------------+
| max(salary) |
+-------------+
|        3445 |
+-------------+
1 row in set (0.00 sec)

mysql> select * from Works where salary > (SELECT max(salary) FROM Works Where b_name='HDFC');
+--------+--------+--------+
| e_name | b_name | salary |
+--------+--------+--------+
| John   | SBI    | 100000 |
| Alice  | SBI    |  10000 |
| Dennis | Canara |  64560 |
+--------+--------+--------+
3 rows in set (0.00 sec)

